id,name,terminalName,Y,longitude,installed,locked,installDate,temporary,available_bikes,empty_docks,total_docks
8,"Lodge Road, St. John's Wood",3423,51.52834133,-0.170134484,TRUE,FALSE,1.28E+12,0,0,18,18
7,"Charlbert Street, St. John's Wood",3422,51.53430039,-0.1680743,TRUE,FALSE,1.28E+12,0,0,16,16
5,"Sedding Street, Sloane Square",3420,51.49313,-0.156876,TRUE,FALSE,1.28E+12,0,26,0,27
66,"Holborn Circus, Holborn",982,51.51795029,-0.108657431,TRUE,FALSE,1.28E+12,0,28,9,39
24,"British Museum, Bloomsbury",981,51.51908011,-0.124678402,TRUE,FALSE,1.28E+12,0,27,6,35
42,"Wenlock Road , Hoxton",979,51.53099181,-0.093903825,TRUE,FALSE,1.28E+12,0,2,25,28
407,"Speakers' Corner 1, Hyde Park",977,51.51222,-0.160785,TRUE,FALSE,-1,1,4,14,20
62,"Cotton Garden Estate, Kennington",990,51.4907579,-0.106323685,TRUE,FALSE,1.28E+12,0,7,17,24
51,"Finsbury Library , Finsbury",986,51.52671796,-0.104298194,TRUE,FALSE,1.28E+12,0,25,4,29
12,"Malet Street, Bloomsbury",980,51.52168078,-0.130431727,TRUE,FALSE,1.28E+12,0,44,1,49
55,"Finsbury Circus, Liverpool Street",984,51.51707521,-0.086685542,TRUE,FALSE,1.28E+12,0,25,8,33
6,"Broadcasting House, Marylebone",3424,51.51811784,-0.144228881,TRUE,FALSE,1.28E+12,0,18,0,18
77,"Russell Square Station, Bloomsbury",978,51.52341837,-0.124121774,TRUE,FALSE,1.28E+12,0,12,12,26
69,"Euston Road, Euston",983,51.5262363,-0.134407652,TRUE,FALSE,1.28E+12,0,2,20,24
23,"Red Lion Square, Holborn",3421,51.51943538,-0.119123345,TRUE,FALSE,1.28E+12,0,14,0,16
68,"Theobalds Road , Holborn",975,51.52059681,-0.116688468,TRUE,FALSE,1.28E+12,0,25,0,26
13,"Scala Street, Fitzrovia",970,51.51991453,-0.136039674,TRUE,FALSE,1.28E+12,0,14,6,21
54,"Golden Lane, Barbican",967,51.52174785,-0.094475072,TRUE,FALSE,1.28E+12,0,22,4,27
57,"Guilford Street , Bloomsbury",974,51.52334672,-0.120202614,TRUE,FALSE,1.28E+12,0,22,13,38
48,"Godliman Street, St. Paul's",971,51.51248445,-0.099141408,TRUE,FALSE,1.28E+12,0,19,2,25
65,"Gower Place , Euston",969,51.52522753,-0.13518856,TRUE,FALSE,1.28E+12,0,14,2,17
67,"Hatton Garden, Holborn",985,51.51882555,-0.108028472,TRUE,FALSE,1.28E+12,0,25,2,28
63,"Murray Grove , Hoxton",989,51.53089041,-0.089782579,TRUE,FALSE,1.28E+12,0,0,27,27
76,"Longford Street, Regent's Park",976,51.52559505,-0.144083893,TRUE,FALSE,1.28E+12,0,6,14,21
15,"Great Russell Street, Bloomsbury",988,51.51772703,-0.127854211,TRUE,FALSE,1.28E+12,0,20,3,26
25,"Doric Way , Somers Town",1004,51.5288338,-0.132250369,TRUE,FALSE,1.28E+12,0,3,28,31
16,"Cartwright Gardens , Bloomsbury",1010,51.52635795,-0.125979294,TRUE,FALSE,1.28E+12,0,0,20,22
32,"Leonard Circus , Shoreditch",1020,51.52469624,-0.084439283,TRUE,FALSE,1.28E+12,0,40,0,43
3,"Christopher Street, Liverpool Street",1012,51.52128377,-0.084605692,TRUE,FALSE,1.28E+12,0,27,5,32
9,"New Globe Walk, Bankside",1015,51.5073853,-0.096440751,TRUE,FALSE,1.28E+12,0,18,1,19
2,"Phillimore Gardens, Kensington",1018,51.49960695,-0.197574246,TRUE,FALSE,1.28E+12,0,3,34,37
85,"Tanner Street, Bermondsey",994,51.50064702,-0.078600401,TRUE,FALSE,1.28E+12,0,15,4,19
14,"Belgrove Street , King's Cross",1011,51.52994371,-0.123616824,TRUE,FALSE,1.28E+12,0,2,17,21
61,"Great Dover Street, Borough",1017,51.49738251,-0.089446947,TRUE,FALSE,1.28E+12,0,5,27,33
11,"Brunswick Square, Bloomsbury",1022,51.52395143,-0.122502346,TRUE,FALSE,1.28E+12,0,6,17,24
10,"Park Street, Bankside",1024,51.50597426,-0.092754157,TRUE,FALSE,1.28E+12,0,11,7,18
19,"Taviton Street, Bloomsbury",1009,51.52505093,-0.131161087,TRUE,FALSE,1.28E+12,0,10,18,30
17,"Hatton Wall, Holborn",1008,51.5216612,-0.109006325,TRUE,FALSE,1.28E+12,0,21,3,26
131,"Eversholt Street , Camden Town",1005,51.53300545,-0.136792671,TRUE,FALSE,1.28E+12,0,3,12,16
28,"Bolsover Street, Fitzrovia",1025,51.52351808,-0.143613641,TRUE,FALSE,1.28E+12,0,6,12,19
29,"Hereford Road, Bayswater",1016,51.513735,-0.193487,TRUE,FALSE,1.28E+12,0,0,22,22
88,"Bayley Street , Bloomsbury",1006,51.51858757,-0.132053392,TRUE,FALSE,1.28E+12,0,22,0,25
26,"Ampton Street , Clerkenwell",1019,51.52728093,-0.11829517,TRUE,FALSE,1.28E+12,0,2,19,21
18,"Drury Lane, Covent Garden",1007,51.51477076,-0.12221963,TRUE,FALSE,1.28E+12,0,25,1,27
20,"Drummond Street , Euston",993,51.52773634,-0.135273468,TRUE,FALSE,1.28E+12,0,1,27,28
101,"Queen Street, Bank",999,51.51155322,-0.0929401,TRUE,FALSE,1.28E+12,0,16,4,22
150,"Holy Trinity Brompton, Knightsbridge",1002,51.49705603,-0.168917077,TRUE,FALSE,1.28E+12,0,24,2,28
141,"Chapel Place, Marylebone",1003,51.51530805,-0.147203711,TRUE,FALSE,1.28E+12,0,24,4,29
27,"Bouverie Street, Temple",1021,51.51382102,-0.107927706,TRUE,FALSE,1.28E+12,0,15,2,18
21,"Hampstead Road (Cartmel), Euston",3426,51.53007835,-0.13884627,TRUE,FALSE,1.28E+12,0,3,12,16
175,"Appold Street, Liverpool Street",997,51.52174384,-0.0811189,TRUE,FALSE,1.28E+12,0,17,9,26
31,"Fanshaw Street, Hoxton",3427,51.52953709,-0.083353323,TRUE,FALSE,1.28E+12,0,1,31,34
125,"Borough High Street, The Borough",996,51.50069491,-0.094524319,TRUE,FALSE,1.28E+12,0,18,2,21
117,"Lollard Street, Vauxhall",998,51.49288067,-0.114934001,TRUE,FALSE,1.28E+12,0,11,14,25
104,"Crosswall, Tower",991,51.51159481,-0.077121322,TRUE,FALSE,1.28E+12,0,27,2,34
123,"St. John Street, Finsbury",992,51.52836014,-0.104724625,TRUE,FALSE,1.28E+12,0,5,13,18
142,"West Cromwell Road, Earl's Court",1001,51.49372451,-0.198286569,TRUE,FALSE,1.28E+12,0,3,21,24
74,"Vauxhall Cross, Vauxhall",1000,51.48591714,-0.124469948,TRUE,FALSE,1.28E+12,0,0,17,17
116,"Little Argyll Street, West End",995,51.51449962,-0.141423695,TRUE,FALSE,1.28E+12,0,20,0,21
4,"St. Chad's Street, King's Cross",1013,51.53005939,-0.120973687,TRUE,FALSE,1.28E+12,0,4,19,23
1,"River Street , Clerkenwell",1023,51.52916347,-0.109970527,TRUE,FALSE,1.28E+12,0,11,8,19
30,"Windsor Terrace, Hoxton",1029,51.52915444,-0.093421615,TRUE,FALSE,1.28E+12,0,0,23,24
22,"Northington Street , Holborn",3425,51.5222641,-0.114079481,TRUE,FALSE,1.28E+12,0,10,9,19
247,"St. John's Wood Church, Regent's Park",1091,51.530052,-0.168314,TRUE,FALSE,1.28E+12,0,3,47,50
33,"Altab Ali Park, Whitechapel",3430,51.51681603,-0.067827542,TRUE,FALSE,1.28E+12,0,16,0,16
34,"Pancras Road, King's Cross",3428,51.5341235,-0.129386874,TRUE,FALSE,1.28E+12,0,2,13,16
36,"De Vere Gardens, Kensington",3446,51.50173726,-0.184980612,TRUE,FALSE,1.28E+12,1,2,26,28
37,"Penywern Road, Earl's Court",3444,51.49159394,-0.192369256,TRUE,FALSE,1.28E+12,0,1,16,17
38,"Abingdon Villas, Kensington",3442,51.4973875,-0.197245586,TRUE,FALSE,1.28E+12,0,9,6,17
103,"Vicarage Gate, Kensington",3441,51.50472376,-0.192538767,TRUE,FALSE,1.28E+12,0,0,18,18
40,"Commercial Street, Shoreditch",1083,51.52127071,-0.0755789,TRUE,FALSE,1.28E+12,0,11,4,16
39,"Shoreditch High Street, Shoreditch",3445,51.5263778,-0.078130921,TRUE,FALSE,1.28E+12,0,6,35,41
41,"Sun Street, Liverpool Street",1084,51.52001715,-0.083911168,TRUE,FALSE,1.28E+12,0,15,8,25
130,"Tower Gardens , Tower",1071,51.50950627,-0.075459482,TRUE,FALSE,1.28E+12,1,21,1,24
149,"Kennington Road Post Office, Oval",1073,51.48478899,-0.110683213,TRUE,FALSE,1.28E+12,0,7,10,18
140,"Finsbury Square , Moorgate",1056,51.52096262,-0.085634242,TRUE,FALSE,1.28E+12,0,28,3,33
110,"Wellington Road, St. John's Wood",1055,51.53304322,-0.172528678,TRUE,FALSE,1.28E+12,0,1,16,17
95,"Aldersgate Street, Barbican",1065,51.5208417,-0.097340162,TRUE,FALSE,1.28E+12,0,5,7,15
100,"Albert Embankment, Vauxhall",1059,51.49043573,-0.122806861,TRUE,FALSE,1.28E+12,0,13,10,24
136,"Queen Victoria Street, St. Paul's",1048,51.51196176,-0.097441687,TRUE,FALSE,1.28E+12,0,28,2,32
120,"The Guildhall, Guildhall",1044,51.51573534,-0.093080779,TRUE,FALSE,1.28E+12,0,9,8,17
91,"Walnut Tree Walk, Vauxhall",1076,51.49368637,-0.111014912,TRUE,FALSE,1.28E+12,0,3,16,20
94,"Bricklayers Arms, Borough",1070,51.49506109,-0.085814489,TRUE,FALSE,1.28E+12,0,0,28,28
115,"Braham Street, Aldgate",1062,51.51423368,-0.073537654,TRUE,FALSE,1.28E+12,0,25,3,34
122,"Norton Folgate, Liverpool Street",1068,51.52111369,-0.078869751,TRUE,FALSE,1.28E+12,0,23,0,23
112,"Stonecutter Street, Holborn",1061,51.51580998,-0.105270275,TRUE,FALSE,1.28E+12,0,34,5,46
127,"Wood Street, Guildhall",1063,51.51700801,-0.09388536,TRUE,FALSE,1.28E+12,0,8,7,17
135,"Clerkenwell Green, Clerkenwell",1053,51.52326004,-0.104708922,TRUE,FALSE,1.28E+12,0,19,0,20
96,"Falkirk Street, Hoxton",1047,51.53095071,-0.078505384,TRUE,FALSE,1.28E+12,0,4,21,26
107,"Finsbury Leisure Centre, St. Luke's",1049,51.52600832,-0.096317627,TRUE,FALSE,1.28E+12,0,13,6,20
253,"Shoreditch Park, Hoxton",1051,51.53404294,-0.086379717,TRUE,FALSE,1.28E+12,0,0,29,30
124,"Eaton Square, Belgravia",1069,51.49654462,-0.150905245,TRUE,FALSE,1.28E+12,0,11,9,20
154,"Waterloo Station 3, Waterloo",1072,51.50379168,-0.11282408,TRUE,FALSE,-1,0,9,26,35
146,"Vauxhall Bridge , Pimlico",1046,51.48836528,-0.129361842,TRUE,FALSE,1.28E+12,0,10,25,35
44,"Bruton Street, Mayfair",1034,51.51073687,-0.144165239,TRUE,FALSE,1.28E+12,0,20,1,21
43,"Crawford Street, Marylebone",1036,51.52026,-0.157183945,TRUE,FALSE,1.28E+12,0,3,15,18
46,"Nesham Street, Wapping",1031,51.507131,-0.06691,TRUE,FALSE,1.28E+12,1,4,11,16
45,"Harewood Avenue, Marylebone",1035,51.52231968,-0.163849118,TRUE,FALSE,1.28E+12,0,0,19,19
49,"Curzon Street, Mayfair",3437,51.50706909,-0.145904427,TRUE,FALSE,1.28E+12,0,14,2,16
109,"Soho Square , Soho",1052,51.51563144,-0.132328837,TRUE,FALSE,1.28E+12,0,36,0,37
114,"Park Road (Baker Street), Regent's Park",1050,51.52451738,-0.158963647,TRUE,FALSE,1.28E+12,0,4,18,22
126,"Museum of London, Barbican",1043,51.51782144,-0.096496865,TRUE,FALSE,1.28E+12,0,50,2,52
121,"Baker Street, Marylebone",1086,51.51891348,-0.156166631,TRUE,FALSE,1.28E+12,0,0,22,22
92,"Borough Road, Elephant &amp; Castle",1082,51.49889832,-0.100440521,TRUE,FALSE,1.28E+12,0,34,7,41
64,"William IV Street, Strand",1028,51.50946212,-0.124749274,TRUE,FALSE,1.28E+12,0,1,23,26
52,"Roscoe Street, St. Luke's",1026,51.52295439,-0.094934859,TRUE,FALSE,1.28E+12,0,15,0,18
47,"Warwick Avenue Station, Maida Vale",1027,51.52334476,-0.183846408,TRUE,FALSE,1.28E+12,0,5,12,19
53,"Grafton Street, Mayfair",3431,51.5099923,-0.143495266,TRUE,FALSE,1.28E+12,0,15,1,18
133,"Derry Street, Kensington",3436,51.50136494,-0.191462381,TRUE,FALSE,1.28E+12,0,14,3,18
108,"Abbey Orchard Street, Westminster",3429,51.49812559,-0.132102166,TRUE,FALSE,1.28E+12,0,16,11,29
98,"Hampstead Road, Euston",972,51.52554222,-0.138231303,TRUE,FALSE,1.28E+12,0,11,41,54
106,"Woodstock Street, Mayfair",1042,51.51410514,-0.147301667,TRUE,FALSE,1.28E+12,0,14,6,21
111,"Park Lane , Hyde Park",1037,51.5100172,-0.157275636,TRUE,FALSE,1.28E+12,1,4,23,28
56,"Paddington Street, Marylebone",1033,51.52058381,-0.154701411,TRUE,FALSE,1.28E+12,0,0,15,16
58,"New Inn Yard, Shoreditch",1032,51.52452699,-0.079248081,TRUE,FALSE,1.28E+12,0,11,8,20
60,"Lisson Grove, St. John's Wood",1030,51.52644828,-0.172190727,TRUE,FALSE,1.28E+12,0,0,18,18
410,"Edgware Road Station, Paddington",1058,51.519968,-0.169774,TRUE,FALSE,-1,0,0,64,64
59,"Rodney Street, Angel",1014,51.53176825,-0.114329032,TRUE,FALSE,1.28E+12,0,8,22,30
203,"West Smithfield Rotunda, Farringdon",1040,51.51821864,-0.100791005,TRUE,FALSE,1.28E+12,0,11,2,15
105,"Westbourne Grove, Bayswater",1041,51.51552971,-0.190240716,TRUE,FALSE,1.28E+12,0,0,26,26
134,"Wapping High Street, Wapping",1039,51.504904,-0.06797,TRUE,FALSE,1.28E+12,0,1,18,20
119,"Bath Street, St. Luke's",964,51.52589324,-0.090847761,TRUE,FALSE,1.28E+12,0,10,4,18
148,"Tachbrook Street, Victoria",965,51.49211134,-0.138364847,TRUE,FALSE,-1,0,1,15,16
50,"East Road, Hoxton",1054,51.52867339,-0.087459376,TRUE,FALSE,1.28E+12,0,1,26,27
70,"Calshot Street , King's Cross",1066,51.53136059,-0.117069978,TRUE,FALSE,1.28E+12,0,0,23,24
71,"Newgate Street , St. Paul's",1074,51.5154186,-0.098850915,TRUE,FALSE,1.28E+12,0,30,2,34
73,"Old Street Station, St. Luke's",1064,51.52572618,-0.088486188,TRUE,FALSE,1.28E+12,0,17,16,37
72,"Farringdon Lane, Clerkenwell",3432,51.52352001,-0.108340165,TRUE,FALSE,1.28E+12,0,15,1,16
75,"Torrens Street, Angel",1060,51.53219984,-0.105480698,TRUE,FALSE,1.28E+12,0,3,16,19
78,"Sadlers Sports Centre, Finsbury",3433,51.52486887,-0.099489485,TRUE,FALSE,1.28E+12,0,16,1,17
79,"Wansey Street, Walworth",3455,51.49118143,-0.097146479,TRUE,FALSE,1.28E+12,0,1,16,17
80,"Webber Street , Southwark",3448,51.50069361,-0.102091246,TRUE,FALSE,1.28E+12,0,6,18,24
81,"Great Titchfield Street, Fitzrovia",3450,51.52025302,-0.141327271,TRUE,FALSE,1.28E+12,0,10,8,19
82,"Chancery Lane, Holborn",3453,51.514274,-0.111257,TRUE,FALSE,1.28E+12,0,13,1,15
83,"Panton Street, West End",3452,51.50963938,-0.131510949,TRUE,FALSE,1.28E+12,0,20,1,21
90,"Harrington Square, Camden Town",1038,51.53301907,-0.139174593,TRUE,FALSE,1.28E+12,0,0,27,27
84,"Breams Buildings, Holborn",3449,51.51593725,-0.111778348,TRUE,FALSE,1.28E+12,0,19,5,24
87,"Devonshire Square, Liverpool Street",3438,51.51646835,-0.079684557,TRUE,FALSE,1.28E+12,0,13,3,16
86,"Sancroft Street, Vauxhall",3434,51.48947903,-0.115156562,TRUE,FALSE,1.28E+12,0,13,11,24
89,"Tavistock Place, Bloomsbury",3439,51.5262503,-0.123509611,TRUE,FALSE,1.28E+12,0,1,17,19
93,"Cloudesley Road, Angel",2586,51.53440868,-0.109025404,TRUE,FALSE,1.28E+12,0,0,34,37
209,"Denyer Street, Knightsbridge",3454,51.49358391,-0.165101392,TRUE,FALSE,1.28E+12,0,25,4,30
97,"Gloucester Road (North), Kensington",3447,51.49792478,-0.183834706,TRUE,FALSE,1.28E+12,0,10,4,16
99,"Old Quebec Street, Marylebone",1085,51.51457763,-0.158264483,TRUE,FALSE,1.28E+12,0,3,13,16
102,"Jewry Street, Aldgate",1045,51.51340693,-0.076793375,TRUE,FALSE,1.28E+12,0,15,1,17
113,"Gloucester Road (Central), South Kensington",3435,51.49646288,-0.183289032,TRUE,FALSE,1.28E+12,0,7,12,19
118,"Rochester Row, Westminster",3457,51.49582705,-0.13547809,TRUE,FALSE,1.28E+12,0,11,1,13
128,"Emperor's Gate, South Kensington",1116,51.49536226,-0.185296516,TRUE,FALSE,1.28E+12,0,4,18,22
129,"Golden Square, Soho",3451,51.5118973,-0.137043852,TRUE,FALSE,1.28E+12,0,14,2,18
132,"Bethnal Green Road, Shoreditch",973,51.52364804,-0.074754872,TRUE,FALSE,1.28E+12,0,2,34,38
139,"Lambeth Road, Vauxhall",1078,51.49488108,-0.117974901,TRUE,FALSE,1.28E+12,0,16,2,18
137,"Bourne Street, Belgravia",1119,51.49087475,-0.153319609,TRUE,FALSE,1.28E+12,0,9,6,16
138,"Green Street, Mayfair",3464,51.51227622,-0.157436972,TRUE,FALSE,1.28E+12,0,5,14,19
144,"Kennington Cross, Kennington",1093,51.48894022,-0.111435796,TRUE,FALSE,1.28E+12,0,5,24,29
143,"Pont Street, Knightsbridge",1114,51.4968865,-0.161203828,TRUE,FALSE,1.28E+12,0,21,0,24
145,"Ilchester Place, Kensington",1115,51.50074359,-0.202759212,TRUE,FALSE,1.28E+12,0,11,13,24
147,"Portugal Street, Holborn",3456,51.51494305,-0.11614642,TRUE,FALSE,1.28E+12,0,13,3,16
151,"Chepstow Villas, Notting Hill",1120,51.51213691,-0.201554966,TRUE,FALSE,1.28E+12,0,1,24,26
152,"Hampton Street, Walworth",1118,51.49217002,-0.101536865,TRUE,FALSE,1.28E+12,0,1,20,21
153,"Bayswater Road, Hyde Park",1096,51.51183419,-0.174292825,TRUE,FALSE,1.28E+12,0,2,23,26
160,"Waterloo Place, St. James's",3458,51.50663341,-0.131773845,TRUE,FALSE,1.28E+12,0,14,4,20
159,"Great Marlborough Street, Soho",1125,51.51461995,-0.137841333,TRUE,FALSE,1.28E+12,0,34,0,39
155,"Lexham Gardens, Kensington",1121,51.49586666,-0.191933711,TRUE,FALSE,1.28E+12,0,1,18,19
158,"Trebovir Road, Earl's Court",1113,51.49085368,-0.196170309,TRUE,FALSE,1.28E+12,0,0,16,18
157,"Wright's Lane, Kensington",1094,51.50039792,-0.193068385,TRUE,FALSE,1.28E+12,0,8,28,37
156,"New Kent Road, Borough",966,51.49443626,-0.092921165,TRUE,FALSE,1.28E+12,0,9,23,33
161,"Guildhouse Street, Victoria",3478,51.49234577,-0.141334487,TRUE,FALSE,1.28E+12,0,4,11,16
162,"Southampton Place, Holborn",1123,51.51760685,-0.121328408,TRUE,FALSE,1.28E+12,0,19,1,20
163,"Sloane Avenue, Knightsbridge",3461,51.4931848,-0.167894973,TRUE,FALSE,1.28E+12,0,9,20,30
164,"Cleveland Gardens, Bayswater",1178,51.515607,-0.183118788,TRUE,FALSE,1.28E+12,0,0,16,16
165,"Orsett Terrace, Bayswater",2585,51.517932,-0.183716959,TRUE,FALSE,1.28E+12,0,0,15,15
166,"Seville Street, Knightsbridge",1177,51.50185512,-0.159237081,TRUE,FALSE,1.28E+12,0,25,1,27
167,"Eccleston Place, Victoria",3465,51.49395092,-0.147624377,TRUE,FALSE,-1,0,2,17,19
168,"Argyll Road, Kensington",3463,51.50040123,-0.195455928,TRUE,FALSE,1.28E+12,0,1,18,19
169,"Porchester Place, Paddington",3477,51.51474612,-0.165164288,TRUE,FALSE,1.28E+12,0,2,16,18
170,"Hardwick Street, Clerkenwell",1057,51.52784273,-0.108068155,TRUE,FALSE,1.28E+12,0,7,20,30
171,"Collingham Gardens, Earl's Court",3459,51.4916156,-0.186753859,TRUE,FALSE,1.28E+12,0,0,14,14
172,"Sumner Place, South Kensington",1124,51.49121192,-0.173715911,TRUE,FALSE,1.28E+12,0,13,6,19
174,"Strand, Strand",1100,51.512529,-0.115163,TRUE,FALSE,1.28E+12,0,33,0,36
173,"Waterloo Roundabout, Waterloo ",1176,51.50486,-0.113001,TRUE,FALSE,1.28E+12,0,1,12,15
176,"Gloucester Terrace, Bayswater",1173,51.51791921,-0.188098863,TRUE,FALSE,1.28E+12,0,6,17,23
177,"Ashley Place, Victoria",1122,51.49616092,-0.140947636,TRUE,FALSE,1.28E+12,0,8,15,25
178,"Warwick Square, Pimlico",3460,51.48985626,-0.141923621,TRUE,FALSE,1.28E+12,0,10,8,19
180,"North Audley Street, Mayfair",1126,51.5129118,-0.153645496,TRUE,FALSE,1.28E+12,0,11,6,17
181,"Belgrave Square, Belgravia",3473,51.49941247,-0.152317537,TRUE,FALSE,1.28E+12,0,21,0,21
182,"Bell Street , Marylebone",1166,51.52202903,-0.165842551,TRUE,FALSE,1.28E+12,0,0,17,18
183,"Milford Lane, Temple",1165,51.51201016,-0.112988179,TRUE,FALSE,1.28E+12,0,5,11,18
184,"Portland Place, Marylebone",1164,51.52071513,-0.14521173,TRUE,FALSE,1.28E+12,0,11,21,34
187,"Queen's Gate (South), South Kensington",1172,51.49247977,-0.178433004,TRUE,FALSE,1.28E+12,0,3,22,25
186,"South Wharf Road, Paddington",1167,51.51733558,-0.175810943,TRUE,FALSE,1.28E+12,0,1,12,16
185,"Alderney Street, Pimlico",1174,51.48805753,-0.140741432,TRUE,FALSE,1.28E+12,0,1,12,14
189,"Claremont Square, Angel",1104,51.53166681,-0.109914711,TRUE,FALSE,1.28E+12,0,0,18,18
188,"Nutford Place, Marylebone",1112,51.5165179,-0.164393768,TRUE,FALSE,1.28E+12,0,0,17,18
190,"Rampayne Street, Pimlico",1106,51.48997562,-0.132845681,TRUE,FALSE,1.28E+12,0,1,20,21
191,"Hyde Park Corner, Hyde Park",1075,51.50311799,-0.153520935,TRUE,FALSE,1.28E+12,1,13,13,28
200,"LMU Commercial Road, Whitechapel",1105,51.51492456,-0.066078037,TRUE,FALSE,1.28E+12,0,6,7,14
192,"Wardour Street, Soho",1163,51.51251523,-0.133201961,TRUE,FALSE,1.28E+12,0,15,0,16
199,"Great Tower Street, Monument",1080,51.51048489,-0.082989638,TRUE,FALSE,1.28E+12,0,20,2,24
193,"Bankside Mix, Bankside",963,51.50581776,-0.100186337,TRUE,FALSE,1.28E+12,0,57,3,60
194,"Hop Exchange, The Borough",960,51.50462759,-0.091773776,TRUE,FALSE,1.28E+12,0,45,3,56
195,"Milroy Walk, South Bank",959,51.50724437,-0.106237501,TRUE,FALSE,1.28E+12,0,29,1,30
196,"Union Street, The Borough",961,51.50368837,-0.098497684,TRUE,FALSE,1.28E+12,0,9,6,17
197,"Stamford Street, South Bank",962,51.50556905,-0.111606696,TRUE,FALSE,1.28E+12,0,4,22,27
202,"Leman Street, Aldgate",1102,51.51236389,-0.06954201,TRUE,FALSE,1.28E+12,0,14,23,37
201,"Dorset Square, Marylebone",1162,51.5225965,-0.161113413,TRUE,FALSE,1.28E+12,0,1,15,16
208,"Mallory Street, Marylebone",1175,51.52505151,-0.166304359,TRUE,FALSE,1.28E+12,0,1,19,20
205,"New Road  2, Whitechapel",3475,51.518144,-0.06275,TRUE,FALSE,1.28E+12,0,12,24,36
206,"New Road 1 , Whitechapel",1171,51.518154,-0.062697,TRUE,FALSE,1.28E+12,0,23,13,37
204,"Margery Street, Clerkenwell",3468,51.52659961,-0.112432615,TRUE,FALSE,1.28E+12,0,8,10,19
207,"Grosvenor Crescent, Belgravia",1169,51.50135267,-0.153194766,TRUE,FALSE,1.28E+12,0,18,0,18
210,"Hinde Street, Marylebone",3476,51.51681444,-0.151926305,TRUE,FALSE,1.28E+12,1,3,17,21
221,"Horseferry Road, Westminster",1170,51.49481649,-0.13045856,TRUE,FALSE,1.28E+12,0,11,4,16
211,"Cadogan Place, Knightsbridge",3469,51.49464523,-0.158105512,TRUE,FALSE,1.28E+12,0,33,1,34
212,"Campden Hill Road, Notting Hill",3487,51.50658458,-0.199004026,TRUE,FALSE,1.28E+12,0,1,15,17
213,"Wellington Arch, Hyde Park",1109,51.50274025,-0.149569201,TRUE,FALSE,1.28E+12,0,7,29,36
214,"Endsleigh Gardens, Euston",1079,51.52683806,-0.130504336,TRUE,FALSE,1.28E+12,0,0,30,32
217,"Wormwood Street, Liverpool Street",2587,51.51615461,-0.082422399,TRUE,FALSE,1.28E+12,0,15,0,16
215,"Moorfields, Moorgate",1092,51.51906932,-0.088285377,TRUE,FALSE,1.28E+12,1,43,9,54
220,"Chelsea Green, Chelsea",1179,51.49066456,-0.166485083,TRUE,FALSE,1.28E+12,0,12,15,27
218,"St. Luke's Church, Chelsea",3486,51.48971651,-0.170194408,TRUE,FALSE,1.28E+12,0,15,5,20
219,"Bramham Gardens, Earl's Court",1183,51.49016361,-0.19039362,TRUE,FALSE,1.28E+12,0,1,27,29
280,"Royal Avenue 2, Chelsea",3462,51.490083,-0.162418,TRUE,FALSE,1.28E+12,0,3,7,10
222,"Knightsbridge, Hyde Park",1101,51.50275704,-0.155349725,TRUE,FALSE,1.28E+12,0,19,23,43
281,"Smith Square, Westminster",3480,51.49580589,-0.127575233,TRUE,FALSE,1.28E+12,0,16,2,18
223,"Rodney Road , Walworth",3481,51.49148474,-0.090220911,TRUE,FALSE,1.28E+12,0,1,23,24
224,"Whiteley's, Bayswater",1150,51.51476963,-0.188129731,TRUE,FALSE,1.28E+12,0,0,14,16
225,"Notting Hill Gate Station, Notting Hill",1182,51.50935342,-0.196422,TRUE,FALSE,1.28E+12,1,4,25,30
230,"Poured Lines, Bankside",1144,51.50669284,-0.103137426,TRUE,FALSE,1.28E+12,0,27,4,31
226,"Charles II Street, West End",3488,51.50844614,-0.131961389,TRUE,FALSE,1.28E+12,0,21,2,24
229,"Whitehall Place, Strand",1151,51.50654321,-0.123179697,TRUE,FALSE,1.28E+12,0,22,2,24
227,"Great Percy Street, Clerkenwell",3470,51.52891573,-0.115480888,TRUE,FALSE,1.28E+12,0,0,20,23
228,"St. James's Square, St. James's",1067,51.50742485,-0.134621209,TRUE,FALSE,1.28E+12,0,37,0,40
232,"Carey Street, Holborn",1139,51.51501025,-0.112753217,TRUE,FALSE,1.28E+12,0,10,4,16
231,"Queen's Gate (Central), South Kensington",1089,51.49396755,-0.17873226,TRUE,FALSE,1.28E+12,0,14,17,31
236,"Fashion Street, Whitechapel",3483,51.51838043,-0.073438925,TRUE,FALSE,1.28E+12,0,23,7,30
233,"Pall Mall East, West End",1153,51.50777049,-0.130699733,TRUE,FALSE,1.28E+12,0,18,2,22
235,"Kennington Road  , Vauxhall",1154,51.49571828,-0.110889274,TRUE,FALSE,1.28E+12,0,13,23,36
242,"Beaumont Street, Marylebone",3482,51.52200801,-0.151359288,TRUE,FALSE,1.28E+12,0,9,13,23
239,"Warren Street Station, Euston",1090,51.52443845,-0.138019439,TRUE,FALSE,1.28E+12,0,16,8,26
216,"Old Brompton Road, South Kensington",3479,51.49094565,-0.181190899,TRUE,FALSE,1.28E+12,1,7,23,30
240,"Colombo Street, Southwark",3472,51.50545935,-0.10569204,TRUE,FALSE,1.28E+12,0,8,7,15
238,"Frampton Street, Paddington",1099,51.5233534,-0.175116099,TRUE,FALSE,1.28E+12,0,0,32,32
244,"Earnshaw Street , Covent Garden",1145,51.51611887,-0.128585022,TRUE,FALSE,1.28E+12,0,12,5,18
243,"Gloucester Street, Pimlico",1103,51.49096258,-0.139625122,TRUE,FALSE,1.28E+12,0,5,19,25
245,"Grosvenor Road, Pimlico",1140,51.4853572,-0.142207481,TRUE,FALSE,1.28E+12,0,12,15,29
234,"Liverpool Road (N1 Centre), Angel",1081,51.53450449,-0.106992706,TRUE,FALSE,1.28E+12,0,0,24,24
237,"Vaughan Way, Wapping",3467,51.5084448,-0.067176443,TRUE,FALSE,1.28E+12,1,38,12,51
251,"Brushfield Street, Liverpool Street",1161,51.518908,-0.079249,TRUE,FALSE,1.28E+12,0,34,0,34
250,"Royal Avenue 1, Chelsea",3440,51.489932,-0.162727,TRUE,FALSE,1.28E+12,0,6,4,10
248,"Triangle Car Park, Hyde Park",1088,51.50645179,-0.170279555,TRUE,FALSE,1.28E+12,0,3,24,27
252,"Jubilee Gardens, South Bank",1111,51.5046364,-0.116542278,TRUE,FALSE,1.28E+12,0,5,25,30
254,"Chadwell Street, Angel",3471,51.53051587,-0.106408455,TRUE,FALSE,1.28E+12,0,1,17,18
249,"Harper Road, Borough",1137,51.49859784,-0.096191134,TRUE,FALSE,1.28E+12,0,26,14,42
255,"Clifton Road, Maida Vale",1147,51.52557531,-0.179592915,TRUE,FALSE,1.28E+12,0,1,21,22
246,"Berry Street, Clerkenwell",1159,51.52285301,-0.099994052,TRUE,FALSE,1.28E+12,0,34,3,41
256,"Houghton Street, Strand",3484,51.51362054,-0.116764211,TRUE,FALSE,1.28E+12,0,14,0,15
257,"Westminster University, Marylebone",1194,51.52248185,-0.154907218,TRUE,FALSE,1.28E+12,0,1,15,16
258,"Kensington Gore, Knightsbridge",1193,51.50143293,-0.178656971,TRUE,FALSE,1.28E+12,0,10,13,23
259,"Embankment (Horse Guards), Westminster",1180,51.50494561,-0.123247648,TRUE,FALSE,1.28E+12,0,9,19,29
260,"Broadwick Street, Soho",3489,51.5136846,-0.135580879,TRUE,FALSE,1.28E+12,0,15,3,18
261,"Princes Square, Bayswater",3491,51.5134891,-0.191351186,TRUE,FALSE,1.28E+12,0,0,15,16
262,"LSBU (Borough Road), Elephant &amp; Castle",1095,51.49874469,-0.103132904,TRUE,FALSE,1.28E+12,0,34,1,35
263,"St. Mary Axe, Aldgate",1184,51.51422502,-0.080660083,TRUE,FALSE,1.28E+12,0,18,3,21
264,"Tysoe Street, Clerkenwell",1146,51.52644342,-0.109256828,TRUE,FALSE,1.28E+12,0,11,6,20
265,"Southwick Street, Paddington",3490,51.51595344,-0.169249375,TRUE,FALSE,1.28E+12,0,0,17,17
266,"Queen's Gate (North), Kensington",1204,51.50102668,-0.180246101,TRUE,FALSE,1.28E+12,0,14,5,19
267,"Regency Street, Westminster",1155,51.49206037,-0.132224622,TRUE,FALSE,1.28E+12,0,2,19,22
268,"Belgrave Road, Victoria",1087,51.49320445,-0.144132875,TRUE,FALSE,1.28E+12,0,6,20,29
269,"Empire Square, The Borough",1209,51.50082346,-0.089740764,TRUE,FALSE,1.28E+12,0,38,7,46
275,"Barbican Centre, Barbican",1191,51.52004497,-0.092176447,TRUE,FALSE,1.28E+12,0,15,4,19
272,"Baylis Road, Waterloo",1133,51.50144456,-0.110699309,TRUE,FALSE,1.28E+12,0,2,16,18
274,"Warwick Road, Olympia",1134,51.49671237,-0.20528437,TRUE,FALSE,1.28E+12,0,0,36,36
276,"Lower Thames Street, Monument",1098,51.50930161,-0.084985356,TRUE,FALSE,1.28E+12,0,22,2,24
273,"Belvedere Road, South Bank",1186,51.50613324,-0.114686385,TRUE,FALSE,1.28E+12,0,2,37,39
288,"Elizabeth Bridge, Victoria",1138,51.49236962,-0.147478734,TRUE,FALSE,1.28E+12,0,28,6,34
277,"Kensington Church Street, Kensington",1143,51.50315739,-0.191496313,TRUE,FALSE,1.28E+12,0,0,17,17
278,"Tooley Street, Bermondsey",1142,51.5034938,-0.07962099,TRUE,FALSE,1.28E+12,0,15,1,17
279,"North Wharf Road, Paddington",1108,51.51862243,-0.176645823,TRUE,FALSE,1.28E+12,0,0,25,25
270,"Kennington Lane Rail Bridge, Vauxhall",1190,51.4863434,-0.122492418,TRUE,FALSE,1.28E+12,0,0,36,36
271,"London Zoo, Regents Park",1136,51.53583617,-0.156285395,TRUE,FALSE,1.28E+12,0,0,32,32
282,"Royal London Hospital, Whitechapel",1077,51.51906446,-0.059642081,TRUE,FALSE,1.28E+12,0,29,10,41
283,"Kingsway, Covent Garden",1141,51.51440928,-0.118478757,TRUE,FALSE,1.28E+12,0,10,6,16
284,"Lambeth North Station, Waterloo",1117,51.49914063,-0.112031483,TRUE,FALSE,1.28E+12,0,7,12,20
286,"St. John's Wood Road, St. John's Wood",1187,51.5272947,-0.174653609,TRUE,FALSE,1.28E+12,0,0,35,35
287,"Bedford Way, Bloomsbury",1156,51.52367314,-0.128377673,TRUE,FALSE,1.28E+12,0,15,5,23
289,"South Audley Street, Mayfair",3493,51.50923022,-0.151296092,TRUE,FALSE,1.28E+12,0,11,4,15
290,"Winsland Street, Paddington",3496,51.51678023,-0.175488803,TRUE,FALSE,1.28E+12,0,2,12,15
303,"Albert Gate, Hyde Park",1132,51.50295379,-0.158456089,TRUE,FALSE,1.28E+12,1,26,1,28
305,"Kennington Lane Tesco, Vauxhall",1168,51.48677988,-0.115853961,TRUE,FALSE,1.28E+12,0,13,2,15
404,"Palace Gate, Kensington Gardens",1110,51.50204238,-0.184400221,TRUE,FALSE,1.30E+12,0,6,6,16
408,"Paddington Green Police Station, Paddington",1129,51.51994326,-0.170704337,TRUE,FALSE,-1,0,5,35,40
405,"Gloucester Road Station, South Kensington",1107,51.49418566,-0.18267094,TRUE,FALSE,1.30E+12,0,0,15,15
354,"Northumberland Avenue, Strand",1097,51.506767,-0.123702,TRUE,FALSE,-1,1,25,10,36
326,"Graham Street, Angel",1131,51.53266186,-0.099981142,TRUE,FALSE,1.28E+12,0,18,7,26
304,"Cumberland Gate, Hyde Park",1149,51.51211869,-0.16209757,TRUE,FALSE,1.28E+12,1,0,16,20
301,"Marylebone Lane, Marylebone",1152,51.51475963,-0.148105415,TRUE,FALSE,1.28E+12,0,15,9,24
295,"Swan Street, The Borough",1216,51.50029631,-0.092762704,TRUE,FALSE,1.28E+12,1,14,11,27
297,"Geraldine Street, Elephant &amp; Castle",3498,51.49612799,-0.106000855,TRUE,FALSE,1.28E+12,0,2,15,17
292,"Montpelier Street, Knightsbridge",1206,51.49888404,-0.165471605,TRUE,FALSE,1.28E+12,0,16,0,16
294,"St. George's Square, Pimlico",1195,51.488226,-0.135635511,TRUE,FALSE,1.28E+12,0,4,12,16
293,"Kensington Olympia Station, Olympia",1214,51.49815779,-0.209494128,TRUE,FALSE,1.28E+12,0,0,25,25
339,"Risinghill Street, Angel",1127,51.5333196,-0.111781191,TRUE,FALSE,1.28E+12,0,1,24,25
296,"Knaresborough Place, Earl's Court",1215,51.49363156,-0.190603326,TRUE,FALSE,1.28E+12,0,3,14,18
291,"Claverton Street, Pimlico",1135,51.48483991,-0.138089062,TRUE,FALSE,1.28E+12,0,20,12,32
337,"Pembridge Villas, Notting Hill",2589,51.51108452,-0.197524944,TRUE,FALSE,1.28E+12,0,2,14,16
306,"Rathbone Street, Fitzrovia ",3497,51.51816295,-0.135025698,TRUE,FALSE,1.28E+12,0,7,9,16
327,"New North Road 1, Hoxton",1128,51.53114,-0.086016,TRUE,FALSE,1.28E+12,0,6,16,22
298,"Curlew Street, Shad Thames",1213,51.50227992,-0.074189225,TRUE,FALSE,1.28E+12,1,1,19,21
299,"Vincent Square, Westminster",1196,51.49398524,-0.136928582,TRUE,FALSE,1.28E+12,0,7,10,19
300,"Serpentine Car Park, Hyde Park",1217,51.50501351,-0.172729559,TRUE,FALSE,1.28E+12,1,3,13,16
324,"Ontario Street, Elephant &amp; Castle",1200,51.49652013,-0.101384068,TRUE,FALSE,1.28E+12,0,15,0,15
309,"Embankment (Savoy), Strand",1192,51.50963123,-0.119047563,TRUE,FALSE,1.28E+12,0,34,8,42
307,"Black Lion Gate, Kensington Gardens",1157,51.50990837,-0.187842717,TRUE,FALSE,1.28E+12,0,2,19,24
308,"Long Lane , Bermondsey",1189,51.49907558,-0.085666316,TRUE,FALSE,1.28E+12,0,0,20,20
310,"Black Prince Road, Vauxhall",1205,51.4908679,-0.116911864,TRUE,FALSE,1.28E+12,0,13,6,19
311,"Foley Street, Fitzrovia",3494,51.51918144,-0.140485596,TRUE,FALSE,1.28E+12,0,22,2,24
312,"Grove End Road, St. John's Wood",1130,51.53088935,-0.176770502,TRUE,FALSE,1.28E+12,0,0,18,20
313,"Wells Street, Fitzrovia ",3495,51.51734403,-0.138072691,TRUE,FALSE,1.28E+12,0,38,0,38
318,"Sackville Street, Mayfair",1197,51.51004801,-0.138846453,TRUE,FALSE,1.28E+12,0,17,0,18
317,"Dickens Square, Borough",1208,51.49679128,-0.093913472,TRUE,FALSE,1.28E+12,0,13,19,32
315,"The Tennis Courts, Regent's Park",1199,51.52536703,-0.153463612,TRUE,FALSE,1.28E+12,0,4,11,16
314,"Tyers Gate, Bermondsey",3485,51.50088934,-0.083159352,TRUE,FALSE,1.28E+12,0,21,14,36
319,"Baldwin Street, St. Luke's",3500,51.52702563,-0.088542771,TRUE,FALSE,1.28E+12,0,14,7,21
320,"Queen Mother Sports Centre, Victoria",1148,51.49357351,-0.139956043,TRUE,FALSE,1.28E+12,0,4,21,26
321,"Bermondsey Street, Bermondsey",2637,51.49785559,-0.081608045,TRUE,FALSE,1.28E+12,0,3,21,24
322,"Palissy Street, Shoreditch",3502,51.526293,-0.073955,TRUE,FALSE,1.28E+12,0,10,16,26
323,"Clifton Street, Shoreditch",3501,51.523196,-0.083067,TRUE,FALSE,1.28E+12,0,23,1,24
325,"St. Martin's Street, West End",1158,51.50908747,-0.129697889,TRUE,FALSE,1.28E+12,0,15,3,18
334,"Concert Hall Approach 1, South Bank",2635,51.505044,-0.115851,TRUE,FALSE,1.28E+12,0,1,9,10
333,"Palace Gardens Terrace, Notting Hill",2633,51.50860544,-0.193764092,TRUE,FALSE,1.28E+12,0,0,36,37
328,"New North Road 2, Hoxton",2641,51.53095,-0.085603,TRUE,FALSE,1.28E+12,0,5,17,22
329,"Prince Albert Road, Regent's Park",2636,51.53589283,-0.160854428,TRUE,FALSE,1.28E+12,0,0,24,24
340,"Bank of England Museum, Bank",1201,51.51444134,-0.087587447,TRUE,FALSE,1.28E+12,0,13,2,16
330,"Eastbourne Mews, Paddington",1203,51.51641749,-0.179135079,TRUE,FALSE,1.28E+12,0,2,32,34
343,"Gloucester Slips Car Park, Regent's Park",1188,51.53692216,-0.150181444,TRUE,FALSE,1.28E+12,0,0,36,36
336,"Concert Hall Approach 2, South Bank",1212,51.504942,-0.115533,TRUE,FALSE,1.28E+12,0,0,17,18
332,"Nevern Place, Earl's Court",1210,51.49334336,-0.194757949,TRUE,FALSE,1.28E+12,0,0,20,20
335,"Tavistock Street, Covent Garden",1207,51.51196803,-0.120718759,TRUE,FALSE,1.28E+12,0,33,0,33
338,"Wellington Street , Strand",1202,51.51175646,-0.119643424,TRUE,FALSE,1.28E+12,0,13,0,15
331,"Bunhill Row, Moorgate",1211,51.52085887,-0.089887855,TRUE,FALSE,1.28E+12,1,22,5,30
345,"Flood Street, Chelsea",1218,51.48802358,-0.166878535,TRUE,FALSE,1.28E+12,0,5,11,18
347,"Lower Marsh, Waterloo",1219,51.50013942,-0.113936001,TRUE,FALSE,1.28E+12,0,5,12,17
366,"Millennium Hotel, Mayfair",1230,51.5109193,-0.151126385,TRUE,FALSE,1.29E+12,0,13,14,27
349,"St. George Street, Mayfair",1221,51.51196,-0.142783033,TRUE,FALSE,1.28E+12,0,17,0,18
351,"Macclesfield Rd, St Lukes",1226,51.529423,-0.097122,TRUE,FALSE,1.29E+12,0,0,28,28
344,"Goswell Road (City Uni), Finsbury",1222,51.528246,-0.10102611,TRUE,FALSE,1.28E+12,0,8,5,17
352,"Vauxhall Street, Vauxhall",1224,51.486965,-0.116625,TRUE,FALSE,1.29E+12,0,7,12,19
350,"Queen's Gate, Kensington Gardens",1231,51.50171544,-0.179854184,TRUE,FALSE,1.29E+12,0,5,15,21
341,"Craven Street, Strand",1160,51.50810309,-0.12602103,TRUE,FALSE,1.28E+12,0,4,18,23
368,"Harriet Street, Knightsbridge",2681,51.50024195,-0.15934065,TRUE,FALSE,1.29E+12,0,25,0,25
358,"High Holborn , Covent Garden",1229,51.51643491,-0.124332175,TRUE,FALSE,1.29E+12,0,16,0,17
353,"Greycoat Street , Westminster",10623,51.49459148,-0.134234258,TRUE,FALSE,1.29E+12,0,10,5,17
355,"Oval Way, Lambeth",2694,51.486575,-0.117286,TRUE,FALSE,1.29E+12,0,14,7,21
348,"Grosvenor Square, Mayfair",10627,51.51217033,-0.150481272,TRUE,FALSE,1.28E+12,0,17,0,17
389,"Upper Grosvenor Street, Mayfair",10621,51.51013066,-0.155757901,TRUE,FALSE,1.30E+12,0,6,12,18
356,"South Kensington Station, South Kensington",2685,51.494412,-0.173881,TRUE,FALSE,1.29E+12,0,10,3,15
357,"Howland Street, Fitzrovia",2691,51.520994,-0.139016,TRUE,FALSE,1.29E+12,0,26,1,30
359,"Butler Place, Westminster",2662,51.49782999,-0.135440826,TRUE,FALSE,1.29E+12,0,11,5,18
365,"City Road, Angel",2690,51.530344,-0.100168,TRUE,FALSE,1.29E+12,0,4,43,47
360,"Howick Place, Westminster",2666,51.49675303,-0.138733562,TRUE,FALSE,1.29E+12,0,22,4,28
361,"Waterloo Station 2, Waterloo",2692,51.50391972,-0.11342628,TRUE,FALSE,1.29E+12,0,0,54,55
362,"Royal College Street, Camden Town",2686,51.536264,-0.133952,TRUE,FALSE,1.29E+12,0,0,54,57
363,"Lord's, St. John's Wood",2665,51.5291212,-0.171185285,TRUE,FALSE,1.29E+12,0,1,22,24
364,"Alfred Place, Bloomsbury",3507,51.519656,-0.132339,TRUE,FALSE,1.29E+12,0,37,4,41
370,"Paddington Green, Paddington",2670,51.520205,-0.174593,TRUE,FALSE,1.29E+12,0,1,19,20
369,"Victoria Embankment, Temple",3503,51.511156,-0.107481,TRUE,FALSE,1.29E+12,0,16,2,20
374,"Waterloo Station 1, Waterloo",2696,51.50402793,-0.11386435,TRUE,FALSE,1.29E+12,0,0,36,36
367,"Harrowby Street, Marylebone",2680,51.5173721,-0.1642075,TRUE,FALSE,-1,0,0,16,16
371,"King Edward Walk, Waterloo",2639,51.49775,-0.10988,TRUE,FALSE,1.29E+12,0,3,19,22
373,"Prince Consort Road, Knightsbridge",3499,51.49980661,-0.176415994,TRUE,FALSE,1.30E+12,0,9,7,18
372,"Sardinia Street, Holborn",2649,51.515208,-0.117863,TRUE,FALSE,1.29E+12,0,19,3,24
377,"Waterloo Bridge, South Bank",2648,51.50535447,-0.113656543,TRUE,FALSE,1.30E+12,0,1,13,15
375,"Kensington Town Hall, Kensington",10632,51.50194596,-0.194392952,TRUE,FALSE,1.29E+12,0,0,18,18
401,"Columbia Road, Weavers",2701,51.528187,-0.075375,TRUE,FALSE,1.30E+12,0,3,21,24
387,"Fire Brigade Pier, Vauxhall",2703,51.49369988,-0.121394101,TRUE,FALSE,1.30E+12,0,8,22,30
403,"George Place Mews, Marylebone",10630,51.51689296,-0.158249929,TRUE,FALSE,1.30E+12,0,1,15,16
398,"Holland Walk, Kensington",10631,51.502319,-0.200742,TRUE,FALSE,1.30E+12,0,0,30,30
376,"Millbank House, Pimlico",2683,51.49188409,-0.125674815,TRUE,FALSE,1.29E+12,0,23,0,24
378,"Natural History Museum, South Kensington",2677,51.49559291,-0.179077626,TRUE,FALSE,1.30E+12,0,16,24,42
379,"Turquoise Island, Notting Hill",2682,51.51431171,-0.200838199,TRUE,FALSE,1.30E+12,0,1,17,21
380,"Stanhope Gate, Mayfair",3506,51.50686435,-0.150666888,TRUE,FALSE,1.30E+12,0,21,0,21
393,"Snow Hill, Farringdon",2699,51.51733427,-0.103604248,TRUE,FALSE,1.30E+12,0,11,2,15
382,"Farm Street, Mayfair",2678,51.50935171,-0.14744969,TRUE,FALSE,1.30E+12,0,15,0,15
383,"Frith Street, Soho",2660,51.51310333,-0.13121385,TRUE,FALSE,1.30E+12,0,14,3,18
386,"Moor Street, Soho",3504,51.51352755,-0.130110822,TRUE,FALSE,1.30E+12,0,13,1,15
394,"Aberdeen Place, St. John's Wood",2698,51.524826,-0.176268,TRUE,FALSE,-1,0,0,17,18
402,"Penfold Street, Marylebone",10625,51.52289229,-0.171681991,TRUE,FALSE,1.30E+12,0,0,14,15
406,"Speakers' Corner 2, Hyde Park",10633,51.512303,-0.159988,TRUE,FALSE,1.30E+12,1,2,20,25
381,"Charlotte Street, Fitzrovia",2669,51.51953043,-0.13577731,TRUE,FALSE,1.30E+12,0,10,3,14
384,"Marloes Road, Kensington",3505,51.496481,-0.192404,TRUE,FALSE,1.30E+12,0,1,14,15
388,"Southampton Street, Strand",1228,51.51070161,-0.121723604,TRUE,FALSE,1.30E+12,0,8,2,14
390,"Buxton Street 1, Bangla Town",1223,51.521776,-0.068856,TRUE,FALSE,1.30E+12,0,0,41,41
392,"Imperial College, Knightsbridge",1220,51.49942855,-0.179702476,TRUE,FALSE,1.30E+12,0,18,3,21
391,"Clifford Street, Mayfair",2688,51.51066202,-0.142345694,TRUE,FALSE,1.30E+12,0,26,1,27
411,"Walworth Road, Southwark",10629,51.49337264,-0.09968067,TRUE,FALSE,-1,0,9,21,30
395,"Cadogan Gardens, Sloane Square",2695,51.492462,-0.159919,TRUE,FALSE,1.30E+12,0,7,7,15
409,"Strata, Southwark",10624,51.493146,-0.099828,TRUE,FALSE,-1,0,1,20,21
396,"Shouldham Street, Marylebone",2693,51.51809,-0.163609,TRUE,FALSE,1.30E+12,0,0,16,16
397,"Devonshire Terrace, Bayswater",1227,51.51348,-0.17977,TRUE,FALSE,1.30E+12,0,0,15,16
399,"Brick Lane Market, Shoreditch",2687,51.52261762,-0.071653961,TRUE,FALSE,1.30E+12,0,3,21,24
400,"George Street, Marylebone",1225,51.517703,-0.154106,TRUE,FALSE,1.30E+12,0,22,4,27
412,"Cleaver Street, Kennington",10628,51.488105,-0.110121,TRUE,FALSE,1.30E+12,0,0,16,17
316,"Cardinal Place, Victoria",968,51.49768448,-0.141943703,TRUE,FALSE,1.28E+12,0,11,11,24
419,"Chelsea Bridge, Pimlico",22160,51.485821,-0.149004,TRUE,FALSE,1.31E+12,0,0,14,15
424,"Ebury Bridge, Pimlico",22159,51.490491,-0.149186,TRUE,FALSE,1.32E+12,0,19,10,29
432,"Exhibition Road Museums, Knightsbridge",22158,51.496957,-0.173894,TRUE,FALSE,1.32E+12,0,19,2,22
426,"Vincent Street, Pimlico",22161,51.493072,-0.129925,TRUE,FALSE,1.31E+12,0,9,7,17
420,"Southwark Station 1, Southwark",22162,51.504043,-0.105312,TRUE,FALSE,1.31E+12,0,17,19,37
421,"Southwark Station 2, Southwark",22163,51.504044,-0.104778,TRUE,FALSE,1.31E+12,0,21,23,45
423,"Eaton Square (South), Belgravia",22164,51.49456127,-0.15393398,TRUE,FALSE,1.31E+12,0,27,4,31
448,"Fishermans Walk West, Canary Wharf",22165,51.50623,-0.02296,TRUE,FALSE,1.33E+12,0,32,1,36
483,"Albert Gardens, Stepney",22166,51.51328,-0.047784,TRUE,FALSE,1.33E+12,0,2,31,33
473,"Millharbour, Millwall",22167,51.496137,-0.019355,TRUE,FALSE,1.33E+12,0,11,7,19
433,"Wren Street, Holborn",22169,51.524564,-0.116279,TRUE,FALSE,1.32E+12,0,29,3,33
435,"Kennington Station, Kennington",22170,51.488852,-0.105593,TRUE,FALSE,1.32E+12,0,3,18,23
436,"Red Lion Street, Holborn",22171,51.51824,-0.11655,TRUE,FALSE,1.32E+12,0,30,4,36
484,"Bromley High Street, Bromley",22172,51.528828,-0.013258,TRUE,FALSE,1.33E+12,0,12,12,24
485,"Old Ford Road, Bethnal Green",22173,51.531127,-0.048017,TRUE,FALSE,1.33E+12,0,4,18,24
486,"Granby Street, Shoreditch",22174,51.525645,-0.069543,TRUE,FALSE,1.33E+12,0,0,35,37
487,"Canton Street, Poplar",22175,51.511811,-0.025626,TRUE,FALSE,1.33E+12,0,2,20,23
488,"Reardon Street, Wapping",22176,51.506946,-0.058681,TRUE,FALSE,1.33E+12,0,3,18,22
489,"Christian Street, Whitechapel",22177,51.513074,-0.064094,TRUE,FALSE,1.33E+12,0,1,31,34
428,"Exhibition Road, South Kensington",22179,51.499917,-0.174554,TRUE,FALSE,1.32E+12,0,13,5,20
427,"Cheapside, Bank",22180,51.51397065,-0.09294031,TRUE,FALSE,1.31E+12,0,25,15,43
425,"Harrington Square 2, Camden Town",22181,51.533379,-0.139159,TRUE,FALSE,1.31E+12,0,19,18,38
430,"South Parade, Chelsea",22182,51.48902,-0.17524,TRUE,FALSE,1.32E+12,0,11,7,18
431,"Crinan Street, King's Cross",22183,51.534474,-0.122203,TRUE,FALSE,1.32E+12,0,12,7,20
437,"Vauxhall Walk, Vauxhall",200056,51.488124,-0.120903,TRUE,FALSE,1.33E+12,0,2,25,27
439,"Killick Street, Kings Cross",200053,51.5338,-0.118677,TRUE,FALSE,1.33E+12,0,8,14,22
440,"Kennington Oval, Oval",200032,51.483145,-0.113134,TRUE,FALSE,1.33E+12,0,6,26,33
441,"Sail Street, Vauxhall",200039,51.495656,-0.114605,TRUE,FALSE,1.33E+12,0,5,19,24
450,"Jubilee Street, Stepney",200002,51.515975,-0.053177,TRUE,FALSE,1.33E+12,0,0,28,28
451,"Hermitage Court, Wapping",200021,51.504719,-0.063531,TRUE,FALSE,1.33E+12,0,5,11,16
454,"Napier Avenue, Millwall",200046,51.487679,-0.021582,TRUE,FALSE,1.33E+12,0,7,12,20
458,"Wapping Lane 2, Wapping",200034,51.504749,-0.057544,TRUE,FALSE,1.33E+12,0,7,21,28
447,"Jubilee Crescent, Cubitt Town",200054,51.493381,-0.007542,TRUE,FALSE,1.33E+12,0,14,40,54
446,"York Hall, Bethnal Green",200042,51.528936,-0.055894,TRUE,FALSE,1.33E+12,0,19,6,27
459,"Gun Makers Lane, Old Ford",200014,51.535179,-0.03338,TRUE,FALSE,-1,0,1,14,17
444,"Bethnal Green Gardens, Bethnal Green",200047,51.52568,-0.055312,TRUE,FALSE,1.33E+12,0,16,8,24
445,"Cheshire Street, Bethnal Green",200003,51.52388,-0.065076,TRUE,FALSE,1.33E+12,0,0,28,28
443,"Philpot Street, Whitechapel",200033,51.515256,-0.058641,TRUE,FALSE,1.33E+12,0,9,21,30
442,"Walmer Road, Notting Hill",200035,51.510101,-0.211358,TRUE,FALSE,1.33E+12,0,7,17,24
449,"Shadwell Station, Shadwell",200020,51.511088,-0.057159,TRUE,FALSE,1.33E+12,0,1,34,35
452,"St Katharines Way, Tower",200049,51.505697,-0.070542,TRUE,FALSE,1.33E+12,0,8,16,24
453,"Garnet Street, Shadwell",200045,51.508447,-0.055167,TRUE,FALSE,1.33E+12,0,0,24,24
455,"East Ferry Road, Cubitt Town",200031,51.49447,-0.014409,TRUE,FALSE,1.33E+12,0,8,9,17
456,"Parkway, Camden Town",200118,51.538071,-0.144664,TRUE,FALSE,1.33E+12,0,18,15,33
457,"Castlehaven Road, Camden Town",200016,51.542138,-0.145393,TRUE,FALSE,1.33E+12,0,8,18,29
460,"Burdett Road, Mile End",200123,51.516196,-0.029138,TRUE,FALSE,1.33E+12,0,22,10,33
461,"Aston Street, Stepney",200013,51.516,-0.038775,TRUE,FALSE,1.33E+12,0,7,19,26
462,"Bonny Street, Camden Town",200105,51.541603,-0.138853,TRUE,FALSE,1.33E+12,1,0,44,45
463,"Thurtle Road, Haggerston",200093,51.534776,-0.071881,TRUE,FALSE,-1,0,1,21,22
464,"St. Mary and St. Michael Church, Stepney",200082,51.51417,-0.052099,TRUE,FALSE,1.33E+12,0,0,25,25
465,"Pitfield Street (North),Hoxton",200152,51.53558,-0.08249,TRUE,FALSE,1.33E+12,0,0,26,28
466,"Whiston Road, Haggerston",200158,51.534464,-0.076341,TRUE,FALSE,1.33E+12,0,0,21,21
467,"Southern Grove, Bow",200168,51.523538,-0.030556,TRUE,FALSE,1.33E+12,0,5,12,17
468,"Cantrell Road, Bow",200150,51.521564,-0.022694,TRUE,FALSE,1.33E+12,0,4,20,24
470,"Mostyn Grove, Bow",200174,51.530535,-0.025492,TRUE,FALSE,1.33E+12,0,21,25,46
471,"Hewison Street, Old Ford",200006,51.533283,-0.028155,TRUE,FALSE,1.33E+12,0,0,18,19
472,"Malmesbury Road, Bow",200019,51.529452,-0.027616,TRUE,FALSE,1.33E+12,0,7,14,21
474,"Castalia Square, Cubitt Town",200155,51.498125,-0.011457,TRUE,FALSE,1.33E+12,1,8,30,39
475,"Lightermans Road, Millwall",200004,51.499041,-0.020157,TRUE,FALSE,1.33E+12,1,38,17,57
477,"Spindrift Avenue, Millwall",200018,51.49109,-0.018716,TRUE,FALSE,1.33E+12,0,10,25,36
479,"Pott Street, Bethnal Green",200156,51.527152,-0.058005,TRUE,FALSE,1.33E+12,0,2,16,20
478,"Stepney Green Station, Stepney",200012,51.521889,-0.04667,TRUE,FALSE,1.33E+12,0,6,12,18
476,"Stebondale Street, Cubitt Town",200009,51.489096,-0.009205,TRUE,FALSE,1.33E+12,0,12,17,29
480,"Flamborough Street, Limehouse",200115,51.5128711,-0.0389866,TRUE,FALSE,1.33E+12,0,1,24,25
490,"Pennington Street, Wapping",200090,51.508622,-0.065006,TRUE,FALSE,-1,0,20,25,45
482,"Thornfield House, Poplar",200052,51.509843,-0.02377,TRUE,FALSE,1.33E+12,0,24,1,26
481,"Saunders Ness Road, Cubitt Town",200022,51.487129,-0.009001,TRUE,FALSE,1.33E+12,0,17,18,35
491,"Queen Marys, Mile End",200249,51.522507,-0.041378,TRUE,FALSE,1.33E+12,0,37,8,45
494,"South Quay East, Canary Wharf",200233,51.50196,-0.016251,TRUE,FALSE,1.33E+12,0,20,16,36
492,"The Green Bridge, Mile End",200230,51.524677,-0.03562,TRUE,FALSE,1.33E+12,0,50,13,63
495,"Bow Church Station, Bow",200252,51.528169,-0.018703,TRUE,FALSE,1.33E+12,0,18,20,39
497,"Coborn Street, Mile End",200242,51.526535,-0.028619,TRUE,FALSE,1.33E+12,0,23,4,27
498,"Bow Road Station, Bow",200251,51.527058,-0.025296,TRUE,FALSE,1.33E+12,0,33,8,42
499,"Furze Green, Bow",200011,51.519265,-0.021345,TRUE,FALSE,1.33E+12,0,5,30,36
496,"Devons Road, Bow",200255,51.52512,-0.015578,TRUE,FALSE,1.33E+12,0,8,30,39
503,"Cleveland Way, Bethnal Green",200250,51.520893,-0.051394,TRUE,FALSE,1.33E+12,0,17,19,36
502,"South Quay West, Canary Wharf",200241,51.502635,-0.022702,TRUE,FALSE,1.33E+12,0,35,24,60
501,"Cephas Street, Bethnal Green",200073,51.522561,-0.054883,TRUE,FALSE,1.33E+12,0,10,13,24
500,"Sidney Street, Stepney",200148,51.519806,-0.055731,TRUE,FALSE,1.33E+12,0,12,30,43
504,"St John's Park, Cubitt Town",200243,51.496454,-0.009506,TRUE,FALSE,1.33E+12,0,18,11,30
520,"Bancroft Road, Bethnal Green",200234,51.526041,-0.047218,TRUE,FALSE,-1,0,13,8,21
518,"Antill Road, Mile End",200041,51.528224,-0.037471,TRUE,FALSE,-1,0,16,14,30
522,"Clinton Road, Mile End",200161,51.525941,-0.036017,TRUE,FALSE,-1,0,24,12,36
519,"Teviot Street, Poplar",200254,51.518811,-0.011662,TRUE,FALSE,-1,0,28,5,33
510,"Westferry DLR, Limehouse",200238,51.509303,-0.025996,TRUE,FALSE,-1,0,38,0,41
515,"Russell Gardens, Holland Park",200080,51.500088,-0.211316,TRUE,FALSE,-1,0,8,16,24
514,"Portman Square, Marylebone",200008,51.516204,-0.155525,TRUE,FALSE,1.33E+12,0,5,10,17
513,"Watney Market, Stepney",200162,51.5142228,-0.055656,TRUE,FALSE,-1,0,0,51,51
516,"Chrisp Street Market, Poplar",200089,51.5112,-0.014438,TRUE,FALSE,1.33E+12,0,17,0,18
507,"Clarkson Street, Bethnal Green",200131,51.528692,-0.059091,TRUE,FALSE,1.33E+12,0,6,24,31
505,"Ackroyd Drive, Bow",200038,51.520398,-0.026768,TRUE,FALSE,1.33E+12,0,10,19,29
506,"Bell Lane, Liverpool Street",200036,51.517475,-0.075855,TRUE,FALSE,1.33E+12,0,14,9,23
512,"Pritchard's Road, Bethnal Green",200083,51.532091,-0.06142,TRUE,FALSE,1.33E+12,0,2,28,30
508,"Fournier Street, Whitechapel",200157,51.519362,-0.074431,TRUE,FALSE,1.33E+12,0,18,0,18
517,"Ford Road, Old Ford",200027,51.532513,-0.033085,TRUE,FALSE,1.33E+12,0,14,4,18
509,"Fore Street, Guildhall",200253,51.517842,-0.090075,TRUE,FALSE,1.33E+12,0,13,5,19
511,"Sutton Street, Shadwell",200256,51.511066,-0.053558,TRUE,FALSE,1.33E+12,0,11,22,33
521,"Driffield Road, Old Ford",200030,51.534137,-0.037366,TRUE,FALSE,-1,0,3,16,19
523,"Langdon Park, Poplar",200160,51.51549,-0.013475,TRUE,FALSE,-1,0,17,7,24
532,"Jubilee Plaza, Canary Wharf",200163,51.50357,-0.020068,TRUE,FALSE,1.33E+12,1,44,18,63
539,"Hoxton Station, Haggerston",200151,51.531091,-0.075901,TRUE,FALSE,-1,0,10,10,22
530,"Newby Place, Poplar",200146,51.508896,-0.012413,TRUE,FALSE,-1,0,16,2,18
531,"Twig Folly Bridge, Mile End",200167,51.530326,-0.042744,TRUE,FALSE,1.33E+12,0,0,21,21
526,"Lancaster Drive, Blackwall",200143,51.503143,-0.008428,TRUE,FALSE,-1,0,12,14,26
525,"Churchill Place, Canary Wharf",200153,51.504714,-0.014293,TRUE,FALSE,-1,0,11,7,18
529,"Manresa Road, Chelsea",200010,51.486892,-0.170983,TRUE,FALSE,-1,0,12,6,18
524,"Lancaster Gate , Bayswater",200017,51.511654,-0.179668,TRUE,FALSE,1.33E+12,0,5,32,38
528,"Clarges Street, West End",200088,51.507326,-0.145827,TRUE,FALSE,1.33E+12,0,15,1,16
543,"Lansdowne Walk, Notting Hill",200065,51.509591,-0.204666,TRUE,FALSE,-1,0,1,20,21
550,"Harford Street, Mile End",200102,51.521564,-0.039264,TRUE,FALSE,-1,0,15,8,23
536,"Queensbridge Road, Haggerston",200024,51.53385,-0.06992,TRUE,FALSE,-1,1,5,30,35
538,"Naval Row, Blackwall",200050,51.508981,-0.00699,TRUE,FALSE,-1,0,15,5,21
527,"Hansard Mews, Shepherds Bush",200154,51.503802,-0.215808,TRUE,FALSE,1.33E+12,0,9,11,20
533,"Wellington Row, Bethnal Green",200165,51.528222,-0.069743,TRUE,FALSE,-1,0,0,33,33
534,"Goldsmiths Row, Haggerston",200159,51.531864,-0.066035,TRUE,FALSE,-1,0,1,26,27
535,"Gloucester Avenue, Camden Town",200145,51.537349,-0.147154,TRUE,FALSE,-1,0,3,20,24
537,"Old Montague Street, Whitechapel",200239,51.51793,-0.067937,TRUE,FALSE,1.33E+12,0,2,15,18
540,"Albany Street, Regent's Park",200134,51.528302,-0.144466,TRUE,FALSE,-1,0,8,18,27
541,"Green Park Station, West End",200096,51.506613,-0.142844,TRUE,FALSE,-1,0,23,3,28
542,"Salmon Lane, Limehouse",200147,51.514115,-0.033828,TRUE,FALSE,-1,0,8,25,33
544,"Percival Street, Finsbury",200051,51.526153,-0.102208,TRUE,FALSE,-1,0,6,14,22
545,"Arlington Road, Camden Town",200070,51.539957,-0.145246,TRUE,FALSE,-1,0,5,19,24
546,"New Fetter Lane, Holborn",200044,51.517428,-0.107987,TRUE,FALSE,-1,0,16,2,18
548,"Westminster Bridge Road, Elephant &amp; Castle",200076,51.498386,-0.107913,TRUE,FALSE,-1,0,22,4,26
547,"East India DLR, Blackwall",200127,51.509474,-0.002275,TRUE,FALSE,-1,0,24,26,51
549,"Gaywood  Street, Elephant &amp; Castle",200132,51.49605,-0.104193,TRUE,FALSE,-1,0,37,8,45
551,"Montgomery Square, Canary Wharf",200066,51.503447,-0.016233,TRUE,FALSE,1.33E+12,1,39,0,39
552,"Watney Street, Shadwell",200149,51.511542,-0.056667,TRUE,FALSE,-1,0,2,25,27
553,"Regent's Row , Haggerston ",200064,51.535678,-0.062546,TRUE,FALSE,-1,0,0,24,24
554,"Aberfeldy Street, Poplar",200078,51.513548,-0.005659,TRUE,FALSE,-1,0,6,10,16
556,"Heron Quays DLR, Canary Wharf",200138,51.502661,-0.021596,TRUE,FALSE,-1,0,21,6,27
555,"Westfield Eastern Access Road, Shepherd's Bush",200245,51.509424,-0.219712,TRUE,FALSE,1.33E+12,0,39,16,56
557,"King Edward Street, St Pauls",200203,51.51601,-0.0985,TRUE,FALSE,-1,0,17,2,20
559,"Abbotsbury Road, Holland Park",200111,51.501391,-0.205991,TRUE,FALSE,-1,0,2,21,24
558,"John Islip Street, Westminster",200048,51.4937,-0.12692,TRUE,FALSE,-1,0,18,1,21
560,"Ladbroke Grove Central, Notting Hill",200015,51.511624,-0.205921,TRUE,FALSE,-1,0,7,12,21
561,"Rectory Square, Stepney",200037,51.518369,-0.043371,TRUE,FALSE,1.33E+12,0,9,12,22
562,"Bury Place, Holborn",200074,51.51746,-0.12335,TRUE,FALSE,1.33E+12,0,17,2,21
564,"Somerset House, Strand",200068,51.509943,-0.117619,TRUE,FALSE,-1,1,33,7,41
563,"Preston's Road, Cubitt Town",200232,51.499286,-0.009152,TRUE,FALSE,-1,0,10,16,26
565,"Selby Street, Whitechapel",200135,51.521905,-0.063386,TRUE,FALSE,-1,0,9,8,17
566,"Westfield Ariel Way, White City",200141,51.509158,-0.224103,TRUE,FALSE,1.33E+12,0,27,15,42
568,"Bishop's Bridge Road West, Bayswater",200110,51.51616,-0.18697,TRUE,FALSE,-1,0,0,18,18
569,"Pitfield Street Central, Hoxton",200248,51.53213,-0.08299,TRUE,FALSE,-1,0,10,12,22
570,"Upper Bank Street, Canary Wharf",200099,51.503083,-0.017676,TRUE,FALSE,1.33E+12,1,27,8,36
571,"Westfield Southern Terrace ,Shepherd's Bush",200061,51.506256,-0.218337,TRUE,FALSE,1.33E+12,0,25,3,29
581,"New Cavendish Street, Marylebone",200005,51.519167,-0.147983,TRUE,FALSE,1.33E+12,0,14,3,18
572,"Greenland Road, Camden Town",200026,51.539099,-0.141728,TRUE,FALSE,-1,0,0,35,36
573,"Limerston Street, Chelsea",200001,51.485587,-0.18119,TRUE,FALSE,1.33E+12,0,4,14,18
574,"Eagle Wharf Road, Hoxton",200246,51.53356,-0.09315,TRUE,FALSE,1.33E+12,1,5,39,45
576,"Alpha Grove, Millwall",200109,51.497304,-0.022793,TRUE,FALSE,-1,0,11,11,23
578,"Hollybush Gardens, Bethnal Green",200244,51.527607,-0.057133,TRUE,FALSE,1.33E+12,0,17,15,32
577,"Globe Town Market, Bethnal Green",200247,51.528869,-0.047548,TRUE,FALSE,-1,0,3,17,20
583,"Abingdon Green, Great College Street",200231,51.497622,-0.125978,TRUE,FALSE,-1,0,14,4,20
584,"Ilchester Gardens, Bayswater",200086,51.51244,-0.19096,TRUE,FALSE,-1,1,0,21,21
586,"Mudchute DLR, Cubitt Town",200092,51.490645,-0.014582,TRUE,FALSE,1.33E+12,1,12,18,31
588,"Hoxton Street, Hoxton",200071,51.52959,-0.0801,TRUE,FALSE,1.33E+12,0,4,22,27
587,"Monument Street, Monument",200101,51.50964,-0.08497,TRUE,FALSE,1.33E+12,1,21,0,22
589,"Drayton Gardens, Chelsea",200060,51.487196,-0.179369,TRUE,FALSE,-1,0,0,16,18
590,"Greenberry Street, St.John's Wood",200236,51.53256,-0.16862,TRUE,FALSE,-1,0,0,26,26
591,"Westfield Library Corner, Shepherd's Bush",200227,51.506093,-0.2242237,TRUE,FALSE,1.33E+12,0,18,8,27
592,"Bishop's Bridge Road East, Bayswater",200108,51.5171,-0.18377,TRUE,FALSE,-1,0,0,20,20
593,"Northdown Street, King's Cross",200058,51.531066,-0.11934,TRUE,FALSE,-1,0,1,16,21
594,"Kingsway Southbound, Strand",200226,51.513875,-0.117774,TRUE,FALSE,1.33E+12,1,31,0,33
